<?xml version="1.0" encoding="UTF-8" standalone="yes"?>
<addon id="repository.pinky" name="Pinky repo" version="0.0.1" provider-name="[S]Co|aTToL[o]">
	<extension point="xbmc.addon.repository" name="Pinky repo">
		<dir>
			<info compressed="false">https://raw.githubusercontent.com/totalrevolution/python-koding/master/zips/addons.xml</info>
			<checksum>https://raw.githubusercontent.com/totalrevolution/python-koding/master/zips/addons.xml.md5</checksum>
			<datadir zip="true">https://raw.githubusercontent.com/totalrevolution/python-koding/master/zips/</datadir>
		</dir>
		<info compressed="false">https://raw.githubusercontent.com/jmartinez80/repository.pinky/master/zips/addons.xml</info>
		<checksum>https://raw.githubusercontent.com/jmartinez80/repository.pinky/master/zips/addons.xml.md5</checksum>
		<datadir zip="true">https://raw.githubusercontent.com/jmartinez80/repository.pinky/master/zips/</datadir>
	</extension>
	<extension point="xbmc.addon.metadata">
		<summary lang="en">Pinky addon</summary>
		<description lang="en">To Install the addon Pinky made by [S]Co|aTToL[o]</description>
		<genre>documentary,kids,livetv,movies,music,tvshows,spanish,usa</genre>
	</extension>
</addon>